[
    {
        "1": "ALTER TABLE TGFFRE DISABLE ALL TRIGGERS"
    },
    {
        "2": "ALTER TABLE TGFFIN DISABLE ALL TRIGGERS"
    },
    {
        "3": "ALTER TABLE TGFVAR DISABLE ALL TRIGGERS"
    },
    {
        "4": "ALTER TABLE TGFCAB DISABLE ALL TRIGGERS"
    },
    {
        "5": "ALTER TABLE TGFITE DISABLE ALL TRIGGERS"
    },
    {
        "6": "ALTER TABLE TGFITS DISABLE ALL TRIGGERS"
    },
    {
        "7": "ALTER TABLE TGFCUS DISABLE ALL TRIGGERS"
    },
    {
        "8": "ALTER TABLE TCIIBE DISABLE ALL TRIGGERS"
    },
    {
        "9": "ALTER TABLE TCIBEM DISABLE ALL TRIGGERS"
    },
    {
        "10": "ALTER TABLE TGFORD DISABLE ALL TRIGGERS"
    },
    {
        "11": "UPDATE TGFCOT SET NUNOTAORIG = NULL"
    },
    {
        "12": "UPDATE TGFCAB SET NUMCOTACAO = NULL"
    },
    {
        "13": "UPDATE TGFCAB SET NULOTENFE  = NULL"
    },
    {
        "14": "DELETE FROM TGFENFE"
    },
    {
        "15": "DELETE FROM TGFREN"
    },
    {
        "16": "DELETE FROM TGFFRE"
    },
    {
        "17": "DELETE FROM TGFREF"
    },
    {
        "18": "DELETE FROM TGFACF"
    },
    {
        "19": "DELETE FROM TGFMDC"
    },
    {
        "20": "DELETE FROM TGFRCI"
    },
    {
        "21": "DELETE FROM TGFFIN"
    },
    {
        "22": "DELETE FROM TGFFIN_EXC"
    },
    {
        "23": "DELETE FROM TGFMBC"
    },
    {
        "24": "DELETE FROM TGFVAR"
    },
    {
        "25": "DELETE FROM TGFLIV"
    },
    {
        "26": "DELETE FROM TGFLNF"
    },
    {
        "27": "DELETE FROM TGFCAB WHERE TIPMOV <> 'Z'"
    },
    {
        "28": "DELETE FROM TGFCTE"
    },
    {
        "29": "DELETE FROM TGFITS"
    },
    {
        "30": "DELETE FROM TCIMOV"
    },
    {
        "31": "DELETE FROM TCISAL"
    },
    {
        "32": "DELETE FROM TGFITE"
    },
    {
        "33": "DELETE FROM TGFSER"
    },
    {
        "34": "DELETE FROM TGFCAB_EXC"
    },
    {
        "35": "DELETE FROM TGFITE_EXC"
    },
    {
        "36": "DELETE FROM TGFCUS"
    },
    {
        "37": "DELETE FROM TSIAVI"
    },
    {
        "38": "DELETE FROM TCITAX"
    },
    {
        "39": "DELETE FROM TCIBEM"
    },
    {
        "40": "DELETE FROM TCIIBE"
    },
    {
        "41": "DELETE FROM TGFEST"
    },
    {
        "42": "DELETE FROM TGFESE"
    },
    {
        "43": "DELETE FROM TSIRAV"
    },
    {
        "44": "DELETE FROM TCSSLT"
    },
    {
        "45": "DELETE FROM TCSITE"
    },
    {
        "46": "DELETE FROM TCSFXO"
    },
    {
        "47": "DELETE FROM TCSOSE"
    },
    {
        "48": "DELETE FROM TGFITC"
    },
    {
        "49": "DELETE FROM TGFCOT"
    },
    {
        "50": "DELETE FROM TGFPQE"
    },
    {
        "51": "DELETE FROM TGFQUE"
    },
    {
        "52": "DELETE FROM TGFTEL"
    },
    {
        "53": "DELETE FROM TGFORD"
    },
    {
        "54": "DELETE FROM TGFCAI"
    },
    {
        "55": "DELETE FROM TGFMCX"
    },
    {
        "56": "DELETE FROM TGFGIR"
    },
    {
        "57": "DELETE FROM TGFORD"
    },
    {
        "58": "DELETE FROM TGFSBC"
    },
    {
        "59": "DELETE FROM TSILIB"
    },
    {
        "60": "DELETE FROM TCBSAL"
    },
    {
        "61": "DELETE FROM TPRROPE"
    },
    {
        "62": "DELETE FROM TPRAMP"
    },
    {
        "63": "DELETE FROM TPRAPF"
    },
    {
        "64": "DELETE FROM TPRASP"
    },
    {
        "65": "DELETE FROM TPRAPA"
    },
    {
        "66": "DELETE FROM TPRAPO"
    },
    {
        "67": "DELETE FROM TPREIATV"
    },
    {
        "68": "DELETE FROM TPRMER"
    },
    {
        "69": "DELETE FROM TPRIATV"
    },
    {
        "70": "DELETE FROM TPRIPA"
    },
    {
        "71": "DELETE FROM TPRESR"
    },
    {
        "72": "DELETE FROM TPRIDEP"
    },
    {
        "73": "DELETE FROM TPRIPROC"
    },
    {
        "74": "UPDATE TSICTA SET SALDOBCO=NULL,SALDOREAL=NULL,DTIMPLANT=NULL"
    },
    {
        "75": "UPDATE TGFNUM SET ULTCOD = (SELECT MAX(NUNOTA) FROM TGFCAB) WHERE ARQUIVO IN ('TGFCAB')"
    },
    {
        "76": "UPDATE TGFNUM SET ULTCOD = (SELECT MAX(NUFIN) FROM TGFFIN) WHERE ARQUIVO IN ('TGFFIN')"
    },
    {
        "77": "UPDATE TGFNUM SET ULTCOD = (SELECT MAX(NUCAIXA) FROM TGFCAI) WHERE ARQUIVO IN ('TGFCAI')"
    },
    {
        "78": "UPDATE TGFNUM SET ULTCOD = (SELECT MAX(NUACERTO) FROM TGFFRE) WHERE ARQUIVO IN ('TGFFRE')"
    },
    {
        "79": "UPDATE TGFNUM SET ULTCOD = (SELECT MAX(NUBCO) FROM TGFMBC) WHERE ARQUIVO IN ('TGFMBC')"
    },
    {
        "80": "UPDATE TGFNUM SET ULTCOD = (SELECT MAX(NULOTE) FROM TGFLNF) WHERE ARQUIVO IN ('TGFLNF')"
    },
    {
        "81": "UPDATE TGFNUM SET ULTCOD = 0 WHERE ARQUIVO IN ('TSIAVI')"
    },
    {
        "82": "UPDATE TGFNUM SET ULTCOD = 0 WHERE ARQUIVO IN ('TSIRAV')"
    },
    {
        "83": "UPDATE TGFNUM SET ULTCOD = (SELECT MAX(NUMOS) FROM TCSOSE) WHERE ARQUIVO IN ('TCSOSE')"
    },
    {
        "84": "UPDATE TGFNUM SET ULTCOD = (SELECT MAX(NUMCOTACAO) FROM TGFCOT) WHERE ARQUIVO IN ('TGFCOT')"
    },
    {
        "85": "UPDATE TGFNUM SET ULTCOD = (SELECT MAX(NUCONTING) FROM TGFCNF) WHERE ARQUIVO IN ('TGFCNF')"
    },
    {
        "86": "UPDATE TGFNUM SET ULTCOD = (SELECT MAX(NUREL) FROM TGFTEL) WHERE ARQUIVO IN ('TGFTEL')"
    },
    {
        "87": "TRUNCATE TABLE TSILAC"
    },
    {
        "88": "TRUNCATE TABLE TSILOG"
    },
    {
        "89": "TRUNCATE TABLE TSILGT"
    },
    {
        "90": "TRUNCATE TABLE TGFNFE"
    },
    {
        "91": "TRUNCATE TABLE TMDAXM"
    },
    {
        "92": "DELETE FROM TMDFMD"
    },
    {
        "93": "TRUNCATE TABLE TMDAMG"
    },
    {
        "94": "ALTER TABLE TGFFRE ENABLE ALL TRIGGERS"
    },
    {
        "95": "ALTER TABLE TGFFIN ENABLE ALL TRIGGERS"
    },
    {
        "96": "ALTER TABLE TGFVAR ENABLE ALL TRIGGERS"
    },
    {
        "97": "ALTER TABLE TGFCAB ENABLE ALL TRIGGERS"
    },
    {
        "98": "ALTER TABLE TGFITE ENABLE ALL TRIGGERS"
    },
    {
        "99": "ALTER TABLE TGFITS ENABLE ALL TRIGGERS"
    },
    {
        "100": "ALTER TABLE TGFCUS ENABLE ALL TRIGGERS"
    },
    {
        "101": "ALTER TABLE TCIIBE ENABLE ALL TRIGGERS"
    },
    {
        "102": "ALTER TABLE TCIBEM ENABLE ALL TRIGGERS"
    },
    {
        "103": "ALTER TABLE TGFORD ENABLE ALL TRIGGERS"
    }
]
