[
    {"1": "SELECT A.TABLE_NAME AS TABELA, A.NUM_ROWS AS LINHAS, B.BYTES/1024/1024 AS TAMANHO FROM USER_TABLES A, USER_SEGMENTS B WHERE A.TABLE_NAME = B.SEGMENT_NAME ORDER BY A.NUM_ROWS DESC;"},
    {"2": "SELECT OBJECT_NAME(object_id) AS Tabela, Rows AS Linhas, SUM(Total_Pages * 8) AS Reservado, SUM(CASE WHEN Index_ID > 1 THEN 0 ELSE Data_Pages * 8 END) AS Dados, SUM(Used_Pages * 8) - SUM(CASE WHEN Index_ID > 1 THEN 0 ELSE Data_Pages * 8 END) AS Indice, SUM((Total_Pages - Used_Pages) * 8) AS NaoUtilizado FROM sys.partitions AS P INNER JOIN sys.allocation_units AS A ON P.hobt_id = A.container_id GROUP BY OBJECT_NAME(object_id), Rows ORDER BY Dados DESC;"},
    {"3": "DISABLE TRIGGER ALL ON TGFFRE;"},
    {"4": "DISABLE TRIGGER ALL ON TGFFIN;"},
    {"5": "DISABLE TRIGGER ALL ON TGFMBC;"},
    {"6": "DISABLE TRIGGER ALL ON TGFVAR;"},
    {"7": "DISABLE TRIGGER ALL ON TGFCAB;"},
    {"8": "DISABLE TRIGGER ALL ON TGFITE;"},
    {"9": "DISABLE TRIGGER ALL ON TGFITS;"},
    {"10": "DISABLE TRIGGER ALL ON TGFCUS;"},
    {"11": "DISABLE TRIGGER ALL ON TCIIBE;"},
    {"12": "DISABLE TRIGGER ALL ON TCIBEM;"},
    {"13": "DISABLE TRIGGER ALL ON TCIMOV;"},
    {"14": "DISABLE TRIGGER ALL ON TGFORD;"},
    {"15": "DISABLE TRIGGER ALL ON TGFNMDFE;"},
    {"16": "DISABLE TRIGGER ALL ON TCBLOT;"},
    {"17": "DISABLE TRIGGER ALL ON TCBLAN;"},
    {"18": "DISABLE TRIGGER ALL ON TGFORD;"},
    {"19": "DISABLE TRIGGER ALL ON TGFVIAG;"},
    {"20": "DISABLE TRIGGER ALL ON TGFMME;"},
    {"21": "DISABLE TRIGGER ALL ON TGFMDFE;"},
    {"22": "DISABLE TRIGGER ALL ON TGFOMDF;"},
    {"23": "DISABLE TRIGGER ALL ON TGFCHQ;"},
    {"24": "DISABLE TRIGGER ALL ON TGFECQ;"},
    {"25": "DISABLE TRIGGER ALL ON TGFEXB;"},
    {"26": "DISABLE TRIGGER ALL ON TGFIEB;"},
    {"27": "DISABLE TRIGGER ALL ON TGFCAN;"},
    {"28": "DISABLE TRIGGER ALL ON TGFRAT;"},
    {"29": "DISABLE TRIGGER ALL ON TGFCOM;"},
    {"30": "DISABLE TRIGGER ALL ON TGFNFSE;"},
    {"31": "DELETE FROM TGFREN;"},
    {"32": "DELETE FROM TGFFRE;"},
    {"33": "DELETE FROM TGFREF;"},
    {"34": "DELETE FROM TGFACF;"},
    {"35": "DELETE FROM TGFMDC;"},
    {"36": "DELETE FROM TGFRCI;"},
    {"37": "DELETE FROM TGFFIN;"},
    {"38": "DELETE FROM TGFFIN_EXC;"},
    {"39": "DELETE FROM TGFMBC;"},
    {"40": "DELETE FROM TGFVAR;"},
    {"41": "DELETE FROM TGFLIV;"},
    {"42": "DELETE FROM TGFNMDFE;"},
    {"43": "DELETE FROM TGFRAT;"},
    {"44": "DELETE FROM TGFRAV;"},
    {"45": "DELETE FROM TGFCAB WHERE TIPMOV <> 'Z';"},
    {"46": "DELETE FROM TGFCAB_EXC;"},
    {"47": "DELETE FROM TGFITS;"},
    {"48": "DELETE FROM TCIMOV;"},
    {"49": "DELETE FROM TCISAL;"},
    {"50": "DELETE FROM TGFITE;"},
    {"51": "DELETE FROM TGFSER;"},
    {"52": "DELETE FROM TGFDIN;"},
    {"53": "DELETE FROM TGFITE_EXC;"},
    {"54": "DELETE FROM TCSCNV;"},
    {"55": "DELETE FROM TGFLNF;"},
    {"56": "DELETE FROM TGFCUS;"},
    {"57": "DELETE FROM TGFCUSITE;"},
    {"58": "DELETE FROM TSIAVI;"},
    {"59": "DELETE FROM TCITAX;"},
    {"60": "DELETE FROM TGFCTE;"},
    {"61": "DELETE FROM TCIBEM;"},
    {"62": "DELETE FROM TCIIBE;"},
    {"63": "DELETE FROM TGFEST;"},
    {"64": "DELETE FROM TGFESE;"},
    {"65": "DELETE FROM TSIRAV;"},
    {"66": "DELETE FROM TCSSLT;"},
    {"67": "DELETE FROM TCSITE;"},
    {"68": "DELETE FROM TCSFXO;"},
    {"69": "DELETE FROM TCSOSE;"},
    {"70": "DELETE FROM TGFPQE;"},
    {"71": "DELETE FROM TGFQUE;"},
    {"72": "DELETE FROM TGFTEL;"},
    {"73": "DELETE FROM TGFORD;"},
    {"74": "DELETE FROM TGFCAI;"},
    {"75": "DELETE FROM TGFMCX;"},
    {"76": "DELETE FROM TGFGIR;"},
    {"77": "DELETE FROM TGFGIR1;"},
    {"78": "DELETE FROM TGFSBC;"},
    {"79": "DELETE FROM TSILIB;"},
    {"80": "DELETE FROM TGFLIS;"},
    {"81": "DELETE FROM TGFCOM;"},
    {"82": "DELETE FROM TGFCCM;"},
    {"83": "DELETE FROM TGFCAN;"},
    {"84": "DELETE FROM TGFIXN;"},
    {"85": "DELETE FROM TGFMDELOG;"},
    {"86": "DELETE FROM TGFMDEMSGS;"},
    {"87": "DELETE FROM TSIALT;"},
    {"88": "DELETE FROM TPRESR;"},
    {"89": "DELETE FROM TPRROPE;"},
    {"90": "DELETE FROM TPREIATV;"},
    {"91": "DELETE FROM TPRMER;"},
    {"92": "DELETE FROM TPRAMP;"},
    {"93": "DELETE FROM TPRAPF;"},
    {"94": "DELETE FROM TPRASP;"},
    {"95": "DELETE FROM TPRAPA;"},
    {"96": "DELETE FROM TPRAPO;"},
    {"97": "DELETE FROM TPRIATV;"},
    {"98": "DELETE FROM TPRIPA;"},
    {"99": "DELETE FROM TPRIDEP;"},
    {"100": "DELETE FROM TPRTXAT;"},
    {"101": "DELETE FROM TPRIPROC;"},
    {"102": "DELETE FROM TPRIMRP;"},
    {"103": "DELETE FROM TPRIMPS;"},
    {"104": "DELETE FROM TPRHMRP;"},
    {"105": "DELETE FROM TPRTLOP;"},
    {"106": "DELETE FROM TPRDLOP;"},
    {"107": "DELETE FROM TPRPLOP;"},
    {"108": "DELETE FROM TPRILOP;"},
    {"109": "DELETE FROM TPRLOP;"},
    {"110": "DELETE FROM TPRMPS;"},
    {"111": "DELETE FROM TPRBOM;"},
    {"112": "DELETE FROM TPRSERPA;"},
    {"113": "DELETE FROM TGMMET;"},
    {"114": "DELETE FROM TCBLOT;"},
    {"115": "DELETE FROM TCBHLT;"},
    {"116": "DELETE FROM TCBHCT;"},
    {"117": "DELETE FROM TCBSAL;"},
    {"118": "DELETE FROM TCBINT;"},
    {"119": "DELETE FROM TCBLAN;"},
    {"120": "DELETE FROM TCBERR;"},
    {"121": "DELETE FROM TCEDESP;"},
    {"122": "DELETE FROM TCECAB;"},
    {"123": "DELETE FROM TGFRAT;"},
    {"124": "DELETE FROM TGFCOM;"},
    {"125": "DELETE FROM TGFNFSE;"},
    {"126": "UPDATE TSICTA SET SALDOBCO=NULL, SALDOREAL=NULL, DTIMPLANT=NULL;"},
    {"127": "UPDATE TGFNUM SET ULTCOD=0 WHERE ARQUIVO IN ('TGFGIR','TGFMCX','TGFCAI','TGFFRE','TGFFIN','TGFVAR','TGFCAB','TGFITE','TGFREN','TGFFRE','TGFREF','TGFFIN','TGFMBC','TGFCAB_EXC','TGFITE_EXC','TGFLNF','TGFCUS','TSIAVI','TCIBEM','TSIRAV','TCSOSE','TCSITE','TCSSLT','TCSFXO','TGFITC','TGFCOT','TGFPQE','TGFQUE','TGFCNF','TGFTEL','PEDCOM','PEDVEN','VENDA','REQUIS','LOTEPRODUC') OR ARQUIVO IN (SELECT N.ARQUIVO FROM TGFNUM N WHERE N.ARQUIVO LIKE 'TOP%');"},
    {"128": "UPDATE TGFNUM SET ULTCOD=(SELECT MAX(NUNOTA) FROM TGFCAB) WHERE ARQUIVO='TGFCAB';"},
    {"129": "UPDATE TGFNUM SET ULTCOD=(SELECT MAX(NUFIN) FROM TGFFIN) WHERE ARQUIVO='TGFFIN';"},
    {"130": "ENABLE TRIGGER ALL ON TGFFRE;"},
    {"131": "ENABLE TRIGGER ALL ON TGFFIN;"},
    {"132": "ENABLE TRIGGER ALL ON TGFMBC;"},
    {"133": "ENABLE TRIGGER ALL ON TGFVAR;"},
    {"134": "ENABLE TRIGGER ALL ON TGFCAB;"},
    {"135": "ENABLE TRIGGER ALL ON TGFITE;"},
    {"136": "ENABLE TRIGGER ALL ON TGFITS;"},
    {"137": "ENABLE TRIGGER ALL ON TGFCUS;"},
    {"138": "ENABLE TRIGGER ALL ON TCIIBE;"},
    {"139": "ENABLE TRIGGER ALL ON TCIBEM;"},
    {"140": "ENABLE TRIGGER ALL ON TCIMOV;"},
    {"141": "ENABLE TRIGGER ALL ON TGFORD;"},
    {"142": "ENABLE TRIGGER ALL ON TGFNMDFE;"},
    {"143": "ENABLE TRIGGER ALL ON TCBLOT;"},
    {"144": "ENABLE TRIGGER ALL ON TCBLAN;"},
    {"145": "ENABLE TRIGGER ALL ON TGFORD;"},
    {"146": "ENABLE TRIGGER ALL ON TGFVIAG;"},
    {"147": "ENABLE TRIGGER ALL ON TGFOMDF;"},
    {"148": "ENABLE TRIGGER ALL ON TGFMDFE;"},
    {"149": "ENABLE TRIGGER ALL ON TGFMME;"},
    {"150": "ENABLE TRIGGER ALL ON TGFCHQ;"},
    {"151": "ENABLE TRIGGER ALL ON TGFECQ;"},
    {"152": "ENABLE TRIGGER ALL ON TGFEXB;"},
    {"153": "ENABLE TRIGGER ALL ON TGFIEB;"},
    {"154": "ENABLE TRIGGER ALL ON TGFCAN;"},
    {"155": "ENABLE TRIGGER ALL ON TGFRAT;"},
    {"156": "ENABLE TRIGGER ALL ON TGFCOM;"},
    {"157": "ENABLE TRIGGER ALL ON TGFNFSE;"}
]

